Stations,Sum of Ci/MAC
Station 1,12.3302232
Station 2,5.096414733
Station 3,3.602221333